variant_id,blosum62_score,conservation_score,position_entropy,pssm_score
HBB-Gly119Ser,0,0.4314,2.4575,-3.561
HBB-Leu78Met,2,0.4082,2.5577,-2.579
HBB-Val34Leu,1,0.2977,3.0353,1.387
HBB-Val54Ile,3,0.4189,2.5114,-1.225
HBB-Asn108Lys,0,0.4911,2.1996,-1.548
HBB-Phe42Ile,0,0.4707,2.2875,-2.573
HBB-Asn108His,1,0.4911,2.1996,-3.548
HBB-His77Leu,-3,0.2607,3.1952,-2.579
HBB-Leu31Met,2,0.716,1.2273,-3.567
HBB-Asp79Glu,2,0.4202,2.5059,-3.573
HBB-Val20Leu,1,0.296,3.0428,-2.561
HBB-Asn108Ile,-3,0.4911,2.1996,-1.963
HBB-His2Gln,0,0.4959,2.1785,-3.104
HBB-Leu96Arg,-2,0.5692,1.8621,-0.988
HBB-Ala27Thr,0,0.5277,2.0411,-2.567
HBB-Gln131His,0,0.2951,3.0467,-2.573
HBB-Ala138Val,0,0.5785,1.8216,3.811
HBB-Thr84Asn,0,0.3918,2.6284,1.071
HBB-Pro100Thr,-1,0.6064,1.7009,-1.97
HBB-Gly24Ser,0,0.3035,3.0102,-2.579
HBB-Ala115Val,0,0.531,2.0268,-0.095
HBB-Leu78Val,1,0.4082,2.5577,-1.994
HBB-Ala70Pro,-1,0.2233,3.3569,-2.555
HBB-Glu26Lys,1,0.346,2.8264,-1.994
HBB-Asn139Ile,-3,0.3697,2.7242,-1.988
HBB-Arg30Met,-1,0.3148,2.9614,-1.976
HBB-His97Gln,0,0.6366,1.5706,-3.567
HBB-Thr4Asn,0,0.5958,1.7467,-3.555
HBB-Ala53Thr,0,0.308,2.9908,-0.233
HBB-Ala129Thr,0,0.4641,2.3163,-1.567
HBB-Leu110Gln,-2,0.3556,2.7852,-2.548
HBB-Glu43Lys,1,0.7519,1.0722,-3.579
HBB-Gly69Ala,0,0.3899,2.637,1.675
HBB-Leu28Val,1,0.525,2.0529,0.515
HBB-Ala53Val,0,0.308,2.9908,-3.233
HBB-Leu14Val,1,0.2891,3.0726,-2.573
HBB-Val133Leu,1,0.68,1.3831,-1.573
HBB-Ala128Thr,0,0.5501,1.9444,-3.561
HBB-Val137Met,1,0.288,3.0774,-3.561
HBB-Asn102Ile,-3,0.3189,2.9436,-1.97
HBB-Gly107Asp,-1,0.6556,1.4884,-2.542
HBB-Thr38Ser,1,0.3804,2.6778,-0.251
HBB-Ala135Val,0,0.4337,2.4475,2.909
HBB-Glu7Asp,2,0.287,3.0815,0.761
HBB-Ala70Gly,0,0.2233,3.3569,1.905
HBB-Val67Leu,1,0.5331,2.018,-2.579
HBB-Gly64Ser,0,0.7735,0.979,-2.579
HBB-Lys61Thr,-1,0.57,1.8583,-3.561
HBB-Trp37Cys,-2,0.7684,1.0009,-2.573
HBB-His92Gln,0,0.5201,2.0742,-1.542
HBB-Val60Leu,1,0.2998,3.0264,-1.233
HBB-Ala86Ser,1,0.4211,2.5021,-3.573
HBB-Asn139Lys,0,0.3697,2.7242,-1.251
HBB-Glu101Asp,2,0.6879,1.3487,-2.567
HBA1-Val55Ile,3,0.313,2.9692,-3.542
HBA1-His20Gln,0,0.2362,3.3013,-2.079
HBA1-Phe128Val,-1,0.7009,1.2928,-3.561
HBA1-Pro114His,-2,0.4094,2.5527,1.609
HBA1-Ala82Pro,-1,0.4182,2.5143,-1.548
HBA1-Asp64Ala,-2,0.4151,2.5277,1.862
HBA1-Cys104Tyr,-2,0.3475,2.8202,-3.542
HBA1-Phe128Ser,-2,0.7009,1.2928,-2.561
HBA1-Asp85Gly,-1,0.6149,1.6644,-0.561
HBA1-Glu23Ala,-1,0.3528,2.797,1.819
HBA1-Phe117Val,-1,0.4144,2.5307,-0.97
HBA1-Val55Gly,-3,0.313,2.9692,-2.542
HBA1-Asn97Ile,-3,0.3602,2.7652,-0.347
HBA1-Met76Ile,1,0.4825,2.2366,-2.536
HBA1-Leu101Pro,-3,0.552,1.9362,-3.542
HBA1-Ser52Cys,-1,0.4626,2.3224,-3.53
HBA1-Phe46Leu,0,0.3918,2.6286,-3.536
HBA1-Ser131Ala,1,0.3421,2.8435,3.297
HBA1-Gly25Ser,0,0.3049,3.004,-3.536
HBA1-Met32Leu,2,0.7556,1.0563,-3.561
HBA1-His50Tyr,2,0.4342,2.4452,-3.555
HBA1-Ala26Gly,0,0.6942,1.3215,4.045
HBA1-Lys139Glu,1,0.2949,3.0474,0.85
HBA1-His50Gln,0,0.4342,2.4452,-0.747
HBA1-Leu109Pro,-3,0.5446,1.9684,-3.548
HBA1-Arg31Lys,2,0.2781,3.1198,-1.555
HBA1-Met32Thr,-1,0.7556,1.0563,-3.561
HBA1-Glu30Asp,2,0.7005,1.2944,-3.561
HBA1-Tyr24Asn,-2,0.373,2.7097,-0.92
HBA1-Ala5Thr,0,0.3003,3.0242,-1.208
HBA1-Lys139Asn,0,0.2949,3.0474,-1.957
HBA1-Lys139Gln,1,0.2949,3.0474,-1.542
HBA1-Ala13Thr,0,0.3095,2.9845,0.699
HBA1-Glu27Asp,2,0.3401,2.852,-3.555
HBA1-Leu101Val,1,0.552,1.9362,-1.542
HBA1-Gly15Cys,-3,0.6376,1.5663,-3.555
HBA1-Met32Ile,1,0.7556,1.0563,-3.561
HBA1-Thr108Ile,-1,0.3625,2.7553,1.878
HBA1-Lys60Gln,1,0.7265,1.182,-1.951
HBA1-Asp47His,-1,0.6303,1.5977,-3.555
HBA1-Val132Met,1,0.2706,3.1525,-3.555
HBA1-Asn78Lys,0,0.353,2.7961,3.128
HBA1-Phe98Tyr,3,0.6217,1.635,-0.53
HBA1-His87Gln,0,0.5182,2.0823,-1.239
HBA1-Ser84Arg,-1,0.7352,1.1443,-3.561
HBA1-Lys61Asn,0,0.3942,2.6184,-0.36
HBA1-Thr108Asn,0,0.3625,2.7553,-3.548
HBA1-Asp85His,-1,0.6149,1.6644,-3.561
HBA1-Ser138Cys,-1,0.3938,2.6198,-1.542
HBA1-Asp6His,-1,0.2622,3.1886,-0.735
HBA1-Gly59Arg,-2,0.7502,1.0797,-3.536
HBA1-Asp85Val,-3,0.6149,1.6644,-2.561
HBA1-Pro119Ser,-1,0.5438,1.9717,0.253
HBA1-Thr137Ile,-1,0.6542,1.4944,-0.372
HBA1-Val121Glu,-2,0.2773,3.1235,2.484
HBA1-Ala111Val,0,0.5586,1.9076,-1.555
HBA1-Leu48Pro,-3,0.5062,2.1343,-3.492
HBA1-Gly18Ser,0,0.5186,2.0807,-3.561
HBA1-Gly59Ser,0,0.7502,1.0797,-2.536
HBA1-Trp14Arg,-3,0.3075,2.9928,-3.555
HBA1-Ala110Val,0,0.5627,1.8898,0.146
HBA1-Asn68Lys,0,0.2801,3.1112,-3.548
HBA1-Cys104Ser,-1,0.3475,2.8202,-1.957
HBA1-Gly51Ser,0,0.2374,3.2958,2.297
HBA1-His103Tyr,2,0.4863,2.2203,-3.542
HBA1-Pro95Thr,-1,0.6887,1.3453,-3.453
HBA1-Leu129Pro,-3,0.4516,2.3703,-3.555
HBA1-Lys7Asn,0,0.5434,1.9735,-1.542
HBA1-Tyr24Cys,-2,0.373,2.7097,-3.505
HBA1-Gly59Asp,-1,0.7502,1.0797,-2.536
HBA1-Asp6Tyr,-3,0.2622,3.1886,-3.542
HBA1-Glu116Ala,-1,0.2519,3.2332,1.693
HBA1-Asn68Asp,1,0.2801,3.1112,0.621
HBA1-Asp6Gly,-1,0.2622,3.1886,0.265
HBA1-Asp94His,-1,0.6929,1.3271,-3.561
HBA1-Arg141Pro,-2,0.739,1.128,-3.548
HBA1-Asp64His,-1,0.4151,2.5277,-2.53
HBA1-Ala110Asp,-2,0.5627,1.8898,-3.555
HBA1-Gly15Arg,-2,0.6376,1.5663,-3.555
HBA1-Leu34Arg,-2,0.5777,1.8253,-3.561
HBA1-Gly57Asp,-1,0.4768,2.2613,-3.536
HBA1-Ser81Cys,-1,0.4521,2.3681,-3.548
HBA1-Pro44Leu,-3,0.79,0.9078,-2.536
HBA1-Gln54Glu,2,0.4037,2.5773,0.917
HBA1-His87Tyr,2,0.5182,2.0823,-1.561
HBA1-Lys127Asn,0,0.4507,2.3742,-0.963
HBA1-Ala5Asp,-2,0.3003,3.0242,2.025
HBA1-Lys90Thr,-1,0.2784,3.1186,0.271
HBA1-His112Asp,-1,0.1972,3.4696,-2.555
HBA1-Phe43Leu,0,0.4594,2.3366,-0.747
HBA1-Gly18Arg,-2,0.5186,2.0807,-2.561
HBA1-Asp74Asn,1,0.4292,2.4671,-3.542
HBA1-Asp85Asn,1,0.6149,1.6644,-3.561
HBA1-Pro114Arg,-2,0.4094,2.5527,-1.561
HBA1-Arg92Leu,-2,0.6313,1.5934,3.931
HBA1-Glu23Lys,1,0.3528,2.797,-3.35
HBA1-Lys90Asn,0,0.2784,3.1186,-0.729
HBA1-Asp47Asn,1,0.6303,1.5977,-3.555
HBA1-Leu136Pro,-3,0.4656,2.3098,-2.542
